[
    {
      "id": 0,
      "text": "Select All",
      "completed": false
    },
    {
      "id": 1,
      "text": "Apple",
      "completed": false
    },
    {
      "id": 2,
      "text": "Banana",
      "completed": false
    },
    {
      "id": 3,
      "text": "Orange",
      "completed": false
    },
    {
      "id": 4,
      "text": "Mango",
      "completed": false
    },
    {
      "id": 5,
      "text": "Kiwi",
      "completed": false
    },
    {
      "id": 6,
      "text": "Lemon",
      "completed": false
    }
  ]